-- phpMyAdmin SQL Dump
-- version 4.8.5
-- https://www.phpmyadmin.net/
--
-- Host: 127.0.0.1
-- Generation Time: May 02, 2019 at 10:01 PM
-- Server version: 10.1.38-MariaDB
-- PHP Version: 7.3.4

SET SQL_MODE = "NO_AUTO_VALUE_ON_ZERO";
SET AUTOCOMMIT = 0;
START TRANSACTION;
SET time_zone = "+00:00";


/*!40101 SET @OLD_CHARACTER_SET_CLIENT=@@CHARACTER_SET_CLIENT */;
/*!40101 SET @OLD_CHARACTER_SET_RESULTS=@@CHARACTER_SET_RESULTS */;
/*!40101 SET @OLD_COLLATION_CONNECTION=@@COLLATION_CONNECTION */;
/*!40101 SET NAMES utf8mb4 */;

--
-- Database: `musicdb`
--

-- --------------------------------------------------------

--
-- Table structure for table `album`
--

CREATE TABLE `album` (
  `albumId` int(3) NOT NULL,
  `artistName` varchar(45) DEFAULT NULL,
  `albumName` varchar(45) DEFAULT NULL,
  `genre` varchar(15) DEFAULT NULL,
  `numSongs` int(2) DEFAULT NULL,
  `releaseYear` varchar(20) DEFAULT NULL,
  `artistId` int(3) DEFAULT NULL
) ENGINE=InnoDB DEFAULT CHARSET=latin1;

--
-- Dumping data for table `album`
--

INSERT INTO `album` (`albumId`, `artistName`, `albumName`, `genre`, `numSongs`, `releaseYear`, `artistId`) VALUES
(1, 'The Beatles', 'Sgt. Pepper\'s Lonely Hearts Club Band', 'rock', NULL, '1967', NULL),
(2, 'The Beach Boys', 'Pet Sounds', 'rock', NULL, '1966', NULL),
(3, 'The Beatles', 'Revolver', 'rock', NULL, '1966', NULL),
(4, 'Bob Dylan', 'Highway 61 Revisited', 'rock', NULL, '1965', NULL),
(5, 'The Beatles', 'Rubber Soul', 'rock, pop', NULL, '1965', NULL),
(6, 'Marvin Gaye', 'What\'s Going On', 'funk / soul', NULL, '1971', NULL),
(7, 'The Rolling Stones', 'Exile on Main St.', 'rock', NULL, '1972', NULL),
(8, 'The Clash', 'London Calling', 'rock', NULL, '1979', NULL),
(9, 'Bob Dylan', 'Blonde on Blonde', 'rock, blues', NULL, '1966', NULL),
(10, 'The Beatles', 'The Beatles (\"The White Album\")', 'rock', NULL, '1968', NULL),
(11, 'Elvis Presley', 'The Sun Sessions', 'rock', NULL, '1976', NULL),
(12, 'Miles Davis', 'Kind of Blue', 'jazz', NULL, '1959', NULL),
(13, 'The Velvet Underground', 'The Velvet Underground & Nico', 'rock', NULL, '1967', NULL),
(14, 'The Beatles', 'Abbey Road', 'rock', NULL, '1969', NULL),
(15, 'The Jimi Hendrix Experience', 'Are You Experienced', 'rock, blues', NULL, '1967', NULL),
(16, 'Bob Dylan', 'Blood on the Tracks', 'rock', NULL, '1975', NULL),
(17, 'Nirvana', 'Nevermind', 'rock', NULL, '1991', NULL),
(18, 'Bruce Springsteen', 'Born to Run', 'rock', NULL, '1975', NULL),
(19, 'Van Morrison', 'Astral Weeks', 'jazz, rock, blu', NULL, '1968', NULL),
(20, 'Michael Jackson', 'Thriller', 'funk / soul, po', NULL, '1982', NULL),
(21, 'Chuck Berry', 'The Great Twenty_Eight', 'rock', NULL, '1982', NULL),
(22, 'Robert Johnson', 'The Complete Recordings', 'blues', NULL, '1990', NULL),
(23, 'John Lennon / Plastic Ono Band', 'John Lennon/Plastic Ono Band', 'rock', NULL, '1970', NULL),
(24, 'Stevie Wonder', 'Innervisions', 'funk / soul', NULL, '1973', NULL),
(25, 'James Brown', 'Live at the Apollo, 1962', 'funk / soul', NULL, '1963', NULL),
(26, 'Fleetwood Mac', 'Rumours', 'rock', NULL, '1977', NULL),
(27, 'U2', 'The Joshua Tree', 'rock', NULL, '1987', NULL),
(28, 'The Who', 'Who\'s Next', 'rock', NULL, '1971', NULL),
(29, 'Led Zeppelin', 'Led Zeppelin', 'rock', NULL, '1969', NULL),
(30, 'Joni Mitchell', 'Blue', 'pop', NULL, '1971', NULL),
(31, 'Bob Dylan', 'Bringing It All Back Home', 'rock, folk, wor', NULL, '1965', NULL),
(32, 'The Rolling Stones', 'Let It Bleed', 'rock', NULL, '1969', NULL),
(33, 'Ramones', 'Ramones', 'rock', NULL, '1976', NULL),
(34, 'The Band', 'Music From Big Pink', 'rock', NULL, '1968', NULL),
(35, 'David Bowie', 'The Rise and Fall of Ziggy Stardust and the S', 'rock', NULL, '1972', NULL),
(36, 'Carole King', 'Tapestry', 'rock, pop', NULL, '1971', NULL),
(37, 'Eagles', 'Hotel California', 'rock', NULL, '1976', NULL),
(38, 'Muddy Waters', 'The Anthology', 'folk, world, & ', NULL, '2001', NULL),
(39, 'The Beatles', 'Please Please Me', 'rock', NULL, '1963', NULL),
(40, 'Love', 'Forever Changes', 'rock', NULL, '1967', NULL),
(41, 'Sex Pistols', 'Never Mind the Bollocks Here\'s the Sex Pistol', 'rock', NULL, '1977', NULL),
(42, 'The Doors', 'The Doors', 'rock', NULL, '1967', NULL),
(43, 'Pink Floyd', 'The Dark Side of the Moon', 'rock', NULL, '1973', NULL),
(44, 'Patti Smith', 'Horses', 'rock', NULL, '1975', NULL),
(45, 'The Band', 'The Band (\"The Brown Album\")', 'classical, stag', NULL, '1969', NULL),
(46, 'Bob Marley & The Wailers', 'Legend: The Best of Bob Marley and The Wailer', 'reggae', NULL, '1984', NULL),
(47, 'John Coltrane', 'A Love Supreme', 'jazz', NULL, '1965', NULL),
(48, 'Public Enemy', 'It Takes a Nation of Millions to Hold Us Back', 'hip hop', NULL, '1988', NULL),
(49, 'The Allman Brothers Band', 'At Fillmore East', 'rock, blues', NULL, '1971', NULL),
(50, 'Little Richard', 'Here\'s Little Richard', 'rock, blues', NULL, '1957', NULL),
(51, 'Simon & Garfunkel', 'Bridge Over Troubled Water', 'rock', NULL, '1970', NULL),
(52, 'Al Green', 'Greatest Hits', 'funk / soul', NULL, '1975', NULL),
(53, 'The Beatles', 'Meet The Beatles!', 'rock', NULL, '1964', NULL),
(54, 'Ray Charles', 'The Birth of Soul', 'jazz, funk / so', NULL, '1991', NULL),
(55, 'The Jimi Hendrix Experience', 'Electric Ladyland', 'rock, blues', NULL, '1968', NULL),
(56, 'Elvis Presley', 'Elvis Presley', 'rock', NULL, '1956', NULL),
(57, 'Stevie Wonder', 'Songs in the Key of Life', 'funk / soul', NULL, '1976', NULL),
(58, 'The Rolling Stones', 'Beggars Banquet', 'rock, funk / so', NULL, '1968', NULL),
(59, 'Creedence Clearwater Revival', 'Chronicle: The 20 Greatest Hits', 'rock', NULL, '1976', NULL),
(60, 'Captain Beefheart & His Magic Band', 'Trout Mask Replica', 'rock, blues', NULL, '1969', NULL),
(61, 'Sly & The Family Stone', 'Greatest Hits', 'funk / soul', NULL, '1970', NULL),
(62, 'Guns N\' Roses', 'Appetite for Destruction', 'rock', NULL, '1987', NULL),
(63, 'U2', 'Achtung Baby', 'electronic, roc', NULL, '1991', NULL),
(64, 'The Rolling Stones', 'Sticky Fingers', 'rock', NULL, '1971', NULL),
(65, 'Phil Spector', 'Back to Mono (1958-1969)', 'rock, funk / so', NULL, '1991', NULL),
(66, 'Van Morrison', 'Moondance', 'jazz, rock, fun', NULL, '1970', NULL),
(67, 'Radiohead', 'Kid A', 'electronic, roc', NULL, '2000', NULL),
(68, 'Michael Jackson', 'Off the Wall', 'funk / soul, po', NULL, '1979', NULL),
(69, 'Led Zeppelin', '[Led Zeppelin IV]', 'rock', NULL, '1971', NULL),
(70, 'Billy Joel', 'The Stranger', 'rock', NULL, '1977', NULL),
(71, 'Paul Simon', 'Graceland', 'jazz, rock, fun', NULL, '1986', NULL),
(72, 'Curtis Mayfield', 'Superfly', 'funk / soul, st', NULL, '1972', NULL),
(73, 'Led Zeppelin', 'Physical Graffiti', 'rock', NULL, '1975', NULL),
(74, 'Neil Young', 'After the Gold Rush', 'rock', NULL, '1970', NULL),
(75, 'James Brown', 'Star Time', 'funk / soul', NULL, '1991', NULL),
(76, 'Prince and the Revolution', 'Purple Rain', 'electronic, roc', NULL, '1984', NULL),
(77, 'AC/DC', 'Back in Black', 'rock', NULL, '1980', NULL),
(78, 'Otis Redding', 'Otis Blue: Otis Redding Sings Soul', 'funk / soul', NULL, '1965', NULL),
(79, 'Led Zeppelin', 'Led Zeppelin II', 'rock', NULL, '1969', NULL),
(80, 'John Lennon', 'Imagine', 'rock', NULL, '1971', NULL),
(81, 'The Clash', 'The Clash', 'rock', NULL, '1977', NULL),
(82, 'Neil Young', 'Harvest', 'rock', NULL, '1972', NULL),
(83, 'The Jimi Hendrix Experience', 'Axis: Bold as Love', 'rock', NULL, '1967', NULL),
(84, 'Aretha Franklin', 'I Never Loved a Man the Way I Love You', 'funk / soul', NULL, '1967', NULL),
(85, 'Aretha Franklin', 'Lady Soul', 'funk / soul', NULL, '1968', NULL),
(86, 'Bruce Springsteen', 'Born in the U.S.A.', 'rock', NULL, '1984', NULL),
(87, 'Pink Floyd', 'The Wall', 'rock', NULL, '1979', NULL),
(88, 'Johnny Cash', 'At Folsom Prison', 'folk, world, & ', NULL, '1968', NULL),
(89, 'Dusty Springfield', 'Dusty in Memphis', 'rock, funk / so', NULL, '1969', NULL),
(90, 'Stevie Wonder', 'Talking Book', 'funk / soul', NULL, '1972', NULL),
(91, 'Elton John', 'Goodbye Yellow Brick Road', 'rock', NULL, '1973', NULL),
(92, 'Buddy Holly', '20 Golden Greats', 'rock', NULL, '1978', NULL),
(93, 'Prince', 'Sign \"Peace\" the Times', 'rock, reggae', NULL, '1987', NULL),
(94, 'Hank Williams', '40 Greatest Hits', 'folk, world, & ', NULL, '1984', NULL),
(95, 'Miles Davis', 'Bitches Brew', 'jazz', NULL, '1970', NULL),
(96, 'The Who', 'Tommy', 'rock', NULL, '1969', NULL),
(97, 'Bob Dylan', 'The Freewheelin\' Bob Dylan', 'folk, world, & ', NULL, '1963', NULL),
(98, 'Elvis Costello', 'This Year\'s Model', 'rock', NULL, '1978', NULL),
(99, 'Sly & The Family Stone', 'There\'s a Riot Goin\' On', 'funk / soul', NULL, '1971', NULL),
(100, 'The Zombies', 'Odessey and Oracle', 'rock', NULL, '1968', NULL),
(101, 'Frank Sinatra', 'In the Wee Small Hours', 'jazz, pop', NULL, '1955', NULL),
(102, 'Cream', 'Fresh Cream', 'rock, blues', NULL, '1966', NULL),
(103, 'John Coltrane', 'Giant Steps', 'jazz', NULL, '1959', NULL),
(104, 'James Taylor', 'Sweet Baby James', 'rock', NULL, '1970', NULL),
(105, 'Ray Charles', 'Modern Sounds in Country and Western Music', 'funk / soul, fo', NULL, '1962', NULL),
(106, 'Ramones', 'Rocket to Russia', 'rock', NULL, '1977', NULL),
(107, 'Sam Cooke', 'Portrait of a Legend 1951-1964', 'latin, funk / s', NULL, '2003', NULL),
(108, 'David Bowie', 'Hunky Dory', 'rock', NULL, '1971', NULL),
(109, 'The Rolling Stones', 'Aftermath', 'rock', NULL, '1966', NULL),
(110, 'The Velvet Underground', 'Loaded', 'rock', NULL, '1970', NULL),
(111, 'Radiohead', 'The Bends', 'rock', NULL, '1995', NULL),
(112, 'The Mamas and the Papas', 'If You Can Believe Your Eyes and Ears', 'rock', NULL, '1966', NULL),
(113, 'Joni Mitchell', 'Court and Spark', 'rock', NULL, '1974', NULL),
(114, 'Cream', 'Disraeli Gears', 'rock', NULL, '1967', NULL),
(115, 'The Who', 'The Who Sell Out', 'rock', NULL, '1967', NULL),
(116, 'The Rolling Stones', 'Out of Our Heads', 'rock', NULL, '1965', NULL),
(117, 'Derek and the Dominos', 'Layla and Other Assorted Love Songs', 'rock', NULL, '1970', NULL),
(118, 'Kanye West', 'Late Registration', 'hip hop', NULL, '2005', NULL),
(119, 'Etta James', 'At Last!', 'funk / soul, bl', NULL, '1960', NULL),
(120, 'The Byrds', 'Sweetheart of the Rodeo', 'rock', NULL, '1968', NULL),
(121, 'Sly & The Family Stone', 'Stand!', 'funk / soul', NULL, '1969', NULL),
(122, 'Various Artists', 'The Harder They Come', 'reggae,?pop,?fo', NULL, '1972', NULL),
(123, 'Run D.M.C.', 'Raising Hell', 'hip hop', NULL, '1986', NULL),
(124, 'Moby Grape', 'Moby Grape', 'rock', NULL, '1967', NULL),
(125, 'Janis Joplin', 'Pearl', 'rock, blues', NULL, '1971', NULL),
(126, 'The Wailers', 'Catch a Fire', 'reggae', NULL, '1973', NULL),
(127, 'The Byrds', 'Younger Than Yesterday', 'rock', NULL, '1967', NULL),
(128, 'Iggy and The Stooges', 'Raw Power', 'rock', NULL, '1973', NULL),
(129, 'Talking Heads', 'Remain in Light', 'electronic, roc', NULL, '1980', NULL),
(130, 'Television', 'Marquee Moon', 'rock', NULL, '1977', NULL),
(131, 'Black Sabbath', 'Paranoid', 'rock', NULL, '1970', NULL),
(132, 'Various Artists', 'Saturday Night Fever: The Original Movie Soun', 'electronic,?sta', NULL, '1977', NULL),
(133, 'Bruce Springsteen', 'The Wild, the Innocent & the E Street Shuffle', 'rock', NULL, '1973', NULL),
(134, 'The Notorious B.I.G.', 'Ready to Die', 'hip hop', NULL, '1994', NULL),
(135, 'Pavement', 'Slanted and Enchanted', 'rock', NULL, '1992', NULL),
(136, 'Elton John', 'Greatest Hits', 'rock', NULL, '1974', NULL),
(137, 'The Replacements', 'Tim', 'rock', NULL, '1985', NULL),
(138, 'Dr. Dre', 'The Chronic', 'hip hop', NULL, '1992', NULL),
(139, 'The Meters', 'Rejuvenation', 'funk / soul', NULL, '1974', NULL),
(140, 'Blondie', 'Parallel Lines', 'electronic, roc', NULL, '1978', NULL),
(141, 'B.B. King', 'Live at the Regal', 'blues', NULL, '1965', NULL),
(142, 'Phil Spector', 'A Christmas Gift for You From Phil Spector', 'rock, funk / so', NULL, '1963', NULL),
(143, 'Dr. John, the Night Tripper', 'Gris-Gris', 'jazz, rock, fun', NULL, '1968', NULL),
(144, 'N.W.A', 'Straight Outta Compton', 'hip hop', NULL, '1988', NULL),
(145, 'Steely Dan', 'Aja', 'jazz, rock', NULL, '1977', NULL),
(146, 'Jefferson Airplane', 'Surrealistic Pillow', 'rock', NULL, '1967', NULL),
(147, 'Crosby, Stills, Nash & Young', 'Deja vu', 'rock', NULL, '1970', NULL),
(148, 'Led Zeppelin', 'Houses of the Holy', 'rock', NULL, '1973', NULL),
(149, 'Santana', 'Santana', 'rock, latin, fu', NULL, '1969', NULL),
(150, 'Bruce Springsteen', 'Darkness on the Edge of Town', 'rock', NULL, '1978', NULL),
(151, 'Arcade Fire', 'Funeral', 'rock', NULL, '2004', NULL),
(152, 'The B 52\'s', 'The B 52\'s / Play Loud', 'electronic, roc', NULL, '1979', NULL),
(153, 'A Tribe Called Quest', 'The Low End Theory', 'hip hop', NULL, '1991', NULL),
(154, 'Howlin\' Wolf', 'Moanin\' in the Moonlight', 'blues', NULL, '1958', NULL),
(155, 'Pretenders', 'Pretenders', 'rock', NULL, '1980', NULL),
(156, 'Beastie Boys', 'Paul\'s Boutique', 'hip hop, rock, ', NULL, '1989', NULL),
(157, 'Joy Division', 'Closer', 'rock', NULL, '1980', NULL),
(158, 'Elton John', 'Captain Fantastic and the Brown Dirt Cowboy', 'rock', NULL, '1975', NULL),
(159, 'KISS', 'Alive!', 'rock', NULL, '1975', NULL),
(160, 'T. Rex', 'Electric Warrior', 'rock', NULL, '1971', NULL),
(161, 'Otis Redding', 'The Dock of the Bay', 'funk / soul', NULL, '1968', NULL),
(162, 'Radiohead', 'OK Computer', 'electronic, roc', NULL, '1997', NULL),
(163, 'Prince', '1999', 'funk / soul, po', NULL, '1982', NULL),
(164, 'Linda Ronstadt', 'The Very Best of Linda Ronstadt', 'rock, pop', NULL, '2002', NULL),
(165, 'Marvin Gaye', 'Let\'s Get It On', 'funk / soul', NULL, '1973', NULL),
(166, 'Elvis Costello & The Attractions', 'Imperial Bedroom', 'rock', NULL, '1982', NULL),
(167, 'Metallica', 'Master of Puppets', 'rock', NULL, '1986', NULL),
(168, 'Elvis Costello', 'My Aim Is True', 'rock', NULL, '1977', NULL),
(169, 'Bob Marley & The Wailers', 'Exodus', 'reggae', NULL, '1977', NULL),
(170, 'The Who', 'Live at Leeds', 'rock', NULL, '1970', NULL),
(171, 'The Byrds', 'The Notorious Byrd Brothers', 'rock', NULL, '1968', NULL),
(172, 'Rod Stewart', 'Every Picture Tells a Story', 'rock', NULL, '1971', NULL),
(173, 'Todd Rundgren', 'Something/Anything?', 'rock', NULL, '1972', NULL),
(174, 'Bob Dylan', 'Desire', 'rock', NULL, '1976', NULL),
(175, 'Carpenters', 'Close to You', 'rock, pop', NULL, '1970', NULL),
(176, 'Aerosmith', 'Rocks', 'rock', NULL, '1976', NULL),
(177, 'Funkadelic', 'One Nation Under a Groove', 'funk / soul', NULL, '1978', NULL),
(178, 'Curtis Mayfield and The Impressions', 'The Anthology: 1961-1977', 'funk / soul', NULL, '1992', NULL),
(179, 'ABBA', 'The Definitive Collection', 'electronic, pop', NULL, '2001', NULL),
(180, 'The Rolling Stones', 'The Rolling Stones, Now!', 'rock, blues, po', NULL, '1965', NULL),
(181, 'Bob Marley & The Wailers', 'Natty Dread', 'reggae', NULL, '1974', NULL),
(182, 'Fleetwood Mac', 'Fleetwood Mac', 'rock, pop', NULL, '1975', NULL),
(183, 'Willie Nelson', 'Red Headed Stranger', 'folk, world, & ', NULL, '1975', NULL),
(184, 'Madonna', 'The Immaculate Collection', 'electronic, pop', NULL, '1990', NULL),
(185, 'The Stooges', 'The Stooges', 'rock', NULL, '1969', NULL),
(186, 'Sly & The Family Stone', 'Fresh', 'funk / soul', NULL, '1973', NULL),
(187, 'Peter Gabriel', 'So', 'electronic, roc', NULL, '1986', NULL),
(188, 'Buffalo Springfield', 'Buffalo Springfield Again', 'rock, pop', NULL, '1967', NULL),
(189, 'Quicksilver Messenger Service', 'Happy Trails', 'rock', NULL, '1969', NULL),
(190, 'Elvis Presley', 'From Elvis in Memphis', 'rock, funk / so', NULL, '1969', NULL),
(191, 'The Stooges', 'Fun House', 'rock', NULL, '1970', NULL),
(192, 'The Flying Burrito Brothers', 'The Gilded Palace of Sin', 'rock, folk, wor', NULL, '1969', NULL),
(193, 'Green Day', 'Dookie', 'rock', NULL, '1994', NULL),
(194, 'Lou Reed', 'Transformer', 'rock', NULL, '1972', NULL),
(195, 'John Mayall & The Bluesbreakers', 'Blues Breakers With Eric Clapton (\"The Beano ', 'rock,?blues', NULL, '1966', NULL),
(196, 'Various Artists', 'Nuggets: Original Artyfacts From the First Ps', 'rock', NULL, '1998', NULL),
(197, 'R.E.M.', 'Murmur', 'rock', NULL, '1983', NULL),
(198, 'Little Walter', 'The Best of Little Walter', 'blues', NULL, '1967', NULL),
(199, 'The Strokes', 'Is This It', 'rock', NULL, '2001', NULL),
(200, 'AC/DC', 'Highway to Hell', 'rock', NULL, '1979', NULL),
(201, 'Nine Inch Nails', 'The Downward Spiral', 'electronic, roc', NULL, '1994', NULL),
(202, 'Simon & Garfunkel', 'Parsley, Sage, Rosemary and Thyme', 'rock, pop, folk', NULL, '1966', NULL),
(203, 'Michael Jackson', 'Bad', 'funk / soul, po', NULL, '1987', NULL),
(204, 'Bob Dylan', 'Modern Times', 'rock', NULL, '2006', NULL),
(205, 'Cream', 'Wheels of Fire', 'rock, blues', NULL, '1968', NULL),
(206, 'Prince', 'Dirty Mind', 'funk / soul', NULL, '1980', NULL),
(207, 'Santana', 'Abraxas', 'rock, latin', NULL, '1970', NULL),
(208, 'Cat Stevens', 'Tea for the Tillerman', 'rock, stage & s', NULL, '1970', NULL),
(209, 'Pearl Jam', 'Ten', 'rock', NULL, '1991', NULL),
(210, 'Neil Young & Crazy Horse', 'Everybody Knows This Is Nowhere', 'rock', NULL, '1969', NULL),
(211, 'Pink Floyd', 'Wish You Were Here', 'rock', NULL, '1975', NULL),
(212, 'Pavement', 'Crooked Rain Crooked Rain', 'rock', NULL, '1994', NULL),
(213, 'The Rolling Stones', 'Tattoo You', 'rock', NULL, '1981', NULL),
(214, 'Ike & Tina Turner', 'Proud Mary: The Best of Ike and Tina Turner', 'funk / soul', NULL, '1991', NULL),
(215, 'New York Dolls', 'New York Dolls', 'rock', NULL, '1973', NULL),
(216, 'Bo Diddley', 'Bo Diddley / Go Bo Diddley', 'rock, blues', NULL, '1986', NULL),
(217, 'Bobby \"Blue\" Bland', 'Two Steps From the Blues', 'funk / soul, bl', NULL, '1961', NULL),
(218, 'The Smiths', 'The Queen Is Dead', 'rock, pop', NULL, '1986', NULL),
(219, 'Beastie Boys', 'Licensed to Ill', 'hip hop', NULL, '1986', NULL),
(220, 'The Meters', 'Look-Ka Py Py', 'funk / soul', NULL, '1970', NULL),
(221, 'My Bloody Valentine', 'Loveless', 'rock', NULL, '1991', NULL),
(222, 'Professor Longhair', 'New Orleans Piano', 'funk / soul, bl', NULL, '1972', NULL),
(223, 'U2', 'War', 'rock', NULL, '1983', NULL),
(224, 'Neil Diamond', 'The Neil Diamond Collection', 'rock, pop', NULL, '1999', NULL),
(225, 'Green Day', 'American Idiot', 'rock', NULL, '2004', NULL),
(226, 'Bruce Springsteen', 'Nebraska', 'rock', NULL, '1982', NULL),
(227, 'Pixies', 'Doolittle', 'rock', NULL, '1989', NULL),
(228, 'Eric B. & Rakim', 'Paid in Full', 'hip hop', NULL, '1987', NULL),
(229, 'Aerosmith', 'Toys in the Attic', 'rock', NULL, '1975', NULL),
(230, 'Bonnie Raitt', 'Nick of Time', 'rock, pop', NULL, '1989', NULL),
(231, 'Queen', 'A Night at the Opera', 'rock', NULL, '1975', NULL),
(232, 'The Kinks', 'The Kink Kronikles', 'rock', NULL, '1972', NULL),
(233, 'The Byrds', 'Mr. Tambourine Man', 'rock', NULL, '1965', NULL),
(234, 'Simon & Garfunkel', 'Bookends', 'rock', NULL, '1968', NULL),
(235, 'Patsy Cline', 'The Ultimate Collection', 'folk, world, & ', NULL, '2000', NULL),
(236, 'Jackie Wilson', 'Mr. Excitement!', 'funk / soul', NULL, '1992', NULL),
(237, 'The Who', 'My Generation', 'rock', NULL, '1965', NULL),
(238, 'Howlin\' Wolf', 'Howlin\' Wolf', 'blues', NULL, '1962', NULL),
(239, 'Madonna', 'Like a Prayer', 'electronic, pop', NULL, '1989', NULL),
(240, 'Steely Dan', 'Can\'t Buy a Thrill', 'rock', NULL, '1972', NULL),
(241, 'The Replacements', 'Let It Be', 'rock', NULL, '1984', NULL),
(242, 'Run D.M.C.', 'Run D.M.C.', 'hip hop', NULL, '1984', NULL),
(243, 'Black Sabbath', 'Black Sabbath', 'rock', NULL, '1970', NULL),
(244, 'Eminem', 'The Marshall Mathers LP', 'hip hop', NULL, '2000', NULL),
(245, 'Jerry Lee Lewis', 'All Killer No Filler! The Jerry Lee Lewis Ant', 'rock, blues, fo', NULL, '1993', NULL),
(246, 'The Mothers of Invention', 'Freak Out!', 'electronic, roc', NULL, '1966', NULL),
(247, 'The Grateful Dead', 'Live/Dead', 'rock', NULL, '1969', NULL),
(248, 'Ornette Coleman', 'The Shape of Jazz to Come', 'jazz', NULL, '1959', NULL),
(249, 'R.E.M.', 'Automatic for the People', 'rock', NULL, '1992', NULL),
(250, 'Jay Z', 'Reasonable Doubt', 'hip hop', NULL, '1996', NULL),
(251, 'David Bowie', 'Low', 'electronic, roc', NULL, '1977', NULL),
(252, 'Jay Z', 'The Blueprint', 'hip hop', NULL, '2001', NULL),
(253, 'Bruce Springsteen', 'The River', 'rock', NULL, '1980', NULL),
(254, 'Otis Redding', 'Complete & Unbelievable: The Otis Redding Dic', 'funk / soul', NULL, '1966', NULL),
(255, 'Metallica', 'Metallica (\"The Black Album\")', 'rock', NULL, '1991', NULL),
(256, 'Kraftwerk', 'Trans Europa Express', 'electronic', NULL, '1977', NULL),
(257, 'Whitney Houston', 'Whitney Houston', 'funk / soul, po', NULL, '1985', NULL),
(258, 'The Kinks', 'The Kinks Are The Village Green Preservation ', 'rock', NULL, '1968', NULL),
(259, 'Janet', 'The Velvet Rope', 'electronic, fun', NULL, '1997', NULL),
(260, 'Willie Nelson', 'Stardust', 'pop, folk, worl', NULL, '1978', NULL),
(261, 'Grateful Dead', 'American Beauty', 'rock', NULL, '1970', NULL),
(262, 'Crosby, Stills & Nash', 'Crosby, Stills & Nash', 'rock, folk, wor', NULL, '1969', NULL),
(263, 'Tracy Chapman', 'Tracy Chapman', 'rock', NULL, '1988', NULL),
(264, 'Grateful Dead', 'Workingman\'s Dead', 'rock', NULL, '1970', NULL),
(265, 'Ray Charles', 'The Genius of Ray Charles', 'jazz, pop', NULL, '1959', NULL),
(266, 'Blood, Sweat & Tears', 'Child Is Father to the Man', 'rock', NULL, '1968', NULL),
(267, 'The Who', 'Quadrophenia', 'rock', NULL, '1973', NULL),
(268, 'Paul Simon', 'Paul Simon', 'rock', NULL, '1972', NULL),
(269, 'The Jesus and Mary Chain', 'Psychocandy', 'rock', NULL, '1985', NULL),
(270, 'The Rolling Stones', 'Some Girls', 'rock', NULL, '1978', NULL),
(271, 'The Beach Boys', 'The Beach Boys Today!', 'rock', NULL, '1965', NULL),
(272, 'Sleater Kinney', 'Dig Me Out', 'rock', NULL, '1997', NULL),
(273, 'Smokey Robinson & The Miracles', 'Going to a Go-Go', 'funk / soul', NULL, '1966', NULL),
(274, 'LaBelle', 'Nightbirds', 'funk / soul', NULL, '1974', NULL),
(275, 'Eminem', 'The Slim Shady LP', 'hip hop', NULL, '1999', NULL),
(276, 'Parliament', 'Mothership Connection', 'funk / soul', NULL, '1975', NULL),
(277, 'Janet Jackson', 'Rhythm Nation 1814', 'electronic, hip', NULL, '1989', NULL),
(278, 'Various', 'Anthology of American Folk Music', 'blues, folk, wo', NULL, '1997', NULL),
(279, 'David Bowie', 'Aladdin Sane', 'rock', NULL, '1973', NULL),
(280, 'U2', 'All That You Can\'t Leave Behind', 'rock', NULL, '2000', NULL),
(281, 'Mary J. Blige', 'My Life', 'hip hop', NULL, '1994', NULL),
(282, 'Muddy Waters', 'Folk Singer', 'blues', NULL, '1964', NULL),
(283, 'Barry White', 'Can\'t Get Enough', 'funk / soul', NULL, '1974', NULL),
(284, 'The Cars', 'The Cars', 'electronic, roc', NULL, '1978', NULL),
(285, 'Stevie Wonder', 'Music of My Mind', 'funk / soul', NULL, '1972', NULL),
(286, 'Al Green', 'I\'m Still in Love With You', 'funk / soul', NULL, '1972', NULL),
(287, 'X', 'Los Angeles', 'rock', NULL, '1980', NULL),
(288, 'Grateful Dead', 'Anthem of the Sun', 'rock', NULL, '1968', NULL),
(289, 'The Kinks', 'Something Else by The Kinks', 'rock', NULL, '1967', NULL),
(290, 'Al Green', 'Call Me', 'funk / soul', NULL, '1973', NULL),
(291, 'Talking Heads', 'Talking Heads: 77', 'rock', NULL, '1977', NULL),
(292, 'Bob Dylan and the Band', 'The Basement Tapes', 'rock', NULL, '1975', NULL),
(293, 'The Velvet Underground', 'White Light/White Heat', 'rock', NULL, '1968', NULL),
(294, 'MC5', 'Kick Out the Jams', 'rock', NULL, '1969', NULL),
(295, 'Leonard Cohen', 'Songs of Love and Hate', 'folk, world, & ', NULL, '1970', NULL),
(296, 'The Smiths', 'Meat Is Murder', 'rock', NULL, '1985', NULL),
(297, 'The Mothers of Invention', 'We\'re Only in It for the Money', 'electronic, roc', NULL, '1968', NULL),
(298, 'Kanye West', 'The College Dropout', 'hip hop', NULL, '2003', NULL),
(299, 'Weezer', 'Weezer (Blue Album)', 'rock', NULL, '1994', NULL),
(300, 'Black Sabbath', 'Master of Reality', 'rock', NULL, '1971', NULL),
(301, 'Dolly Parton', 'Coat of Many Colors', 'folk, world, & ', NULL, '1971', NULL),
(302, 'Public Enemy', 'Fear of a Black Planet', 'hip hop', NULL, '1990', NULL),
(303, 'Bob Dylan', 'John Wesley Harding', 'rock', NULL, '1967', NULL),
(304, 'Jeff Buckley', 'Grace', 'rock', NULL, '1994', NULL),
(305, 'Lucinda Williams', 'Car Wheels on a Gravel Road', 'folk, world, & ', NULL, '1998', NULL),
(306, 'Beck', 'Odelay', 'electronic, hip', NULL, '1996', NULL),
(307, 'The Beatles', 'A Hard Day\'s Night', 'rock, stage & s', NULL, '1964', NULL),
(308, 'Frank Sinatra', 'Songs for Swingin\' Lovers!', 'jazz, pop', NULL, '1956', NULL),
(309, 'Creedence Clearwater Revival', 'Willy and the Poor Boys', 'rock', NULL, '1969', NULL),
(310, 'Red Hot Chili Peppers', 'Blood Sugar Sex Magik', 'rock', NULL, '1991', NULL),
(311, 'Various', 'The Sun Records Collection', 'rock, funk / so', NULL, '1994', NULL),
(312, 'Jane\'s Addiction', 'Nothing\'s Shocking', 'rock', NULL, '1988', NULL),
(313, 'Nirvana', 'MTV Unplugged in New York', 'rock', NULL, '1994', NULL),
(314, 'Lauryn Hill', 'The Miseducation of Lauryn Hill', 'hip hop', NULL, '1998', NULL),
(315, 'Tom Petty and the Heartbreakers', 'Damn the Torpedoes', 'rock', NULL, '1979', NULL),
(316, 'The Velvet Underground', 'The Velvet Underground', 'rock', NULL, '1969', NULL),
(317, 'Pixies', 'Surfer Rosa', 'rock', NULL, '1988', NULL),
(318, 'The O\'Jays', 'Back Stabbers', 'funk / soul', NULL, '1972', NULL),
(319, 'The Wailers', 'Burnin\'', 'reggae', NULL, '1973', NULL),
(320, 'Radiohead', 'Amnesiac', 'electronic, roc', NULL, '2001', NULL),
(321, 'Nick Drake', 'Pink Moon', 'rock, folk, wor', NULL, '1972', NULL),
(322, 'Randy Newman', 'Sail Away', 'rock, pop', NULL, '1972', NULL),
(323, 'The Police', 'Ghost in the Machine', 'rock, pop', NULL, '1981', NULL),
(324, 'David Bowie', 'Station to Station', 'rock, funk / so', NULL, '1976', NULL),
(325, 'Eric Clapton', 'Slowhand', 'rock', NULL, '1977', NULL),
(326, 'The Cure', 'Disintegration', 'electronic, roc', NULL, '1989', NULL),
(327, 'Liz Phair', 'Exile in Guyville', 'rock', NULL, '1993', NULL),
(328, 'Sonic Youth', 'Daydream Nation', 'rock', NULL, '1988', NULL),
(329, 'James Brown', 'In the Jungle Groove', 'funk / soul', NULL, '1986', NULL),
(330, 'Neil Young', 'Tonight\'s the Night', 'rock', NULL, '1975', NULL),
(331, 'The Beatles', 'Help!', 'rock, stage & s', NULL, '1965', NULL),
(332, 'Richard & Linda Thompson', 'Shoot Out the Lights', 'rock, folk, wor', NULL, '1982', NULL),
(333, 'X', 'Wild Gift', 'rock', NULL, '1981', NULL),
(334, 'Graham Parker & The Rumour', 'Squeezing Out Sparks', 'rock, blues', NULL, '1979', NULL),
(335, 'Soundgarden', 'Superunknown', 'rock', NULL, '1994', NULL),
(336, 'Radiohead', 'In Rainbows', 'electronic, roc', NULL, '2007', NULL),
(337, 'Jethro Tull', 'Aqualung', 'rock', NULL, '1971', NULL),
(338, 'Big Brother & the Holding Company', 'Cheap Thrills', 'rock', NULL, '1968', NULL),
(339, 'Tom Waits', 'The Heart of Saturday Night', 'jazz, pop, folk', NULL, '1974', NULL),
(340, 'Black Flag', 'Damaged', 'rock', NULL, '1981', NULL),
(341, 'Moby', 'Play', 'electronic', NULL, '1999', NULL),
(342, 'Depeche Mode', 'Violator', 'electronic', NULL, '1990', NULL),
(343, 'Meat Loaf', 'Bat Out of Hell', 'rock', NULL, '1977', NULL),
(344, 'Lou Reed', 'Berlin', 'rock', NULL, '1973', NULL),
(345, 'Talking Heads', 'Stop Making Sense', 'rock, funk / so', NULL, '1984', NULL),
(346, 'De La Soul', '3 Feet High and Rising', 'hip hop', NULL, '1989', NULL),
(347, 'Pink Floyd', 'The Piper at the Gates of Dawn', 'rock', NULL, '1967', NULL),
(348, 'Muddy Waters', 'Muddy Waters at Newport 1960', 'rock, blues', NULL, '1960', NULL),
(349, 'Jay Z', 'The Black Album', 'hip hop', NULL, '2003', NULL),
(350, 'The Yardbirds', 'Roger the Engineer', 'rock, blues', NULL, '1966', NULL),
(351, 'Neil Young & Crazy Horse', 'Rust Never Sleeps', 'rock', NULL, '1979', NULL),
(352, 'Dire Straits', 'Brothers in Arms', 'rock', NULL, '1985', NULL),
(353, 'Kanye West', 'My Beautiful Dark Twisted Fantasy', 'hip hop', NULL, '2010', NULL),
(354, 'Billy Joel', '52nd Street', 'jazz, rock, pop', NULL, '1978', NULL),
(355, 'The Yardbirds', 'Having a Rave Up', 'rock', NULL, '1965', NULL),
(356, 'Randy Newman', '12 Songs', 'rock, pop', NULL, '1970', NULL),
(357, 'The Rolling Stones', 'Between the Buttons', 'rock', NULL, '1967', NULL),
(358, 'Miles Davis', 'Sketches of Spain', 'jazz', NULL, '1960', NULL),
(359, 'Elton John', 'Honky Ch?teau', 'rock', NULL, '1972', NULL),
(360, 'Buzzcocks', 'Singles Going Steady', 'rock', NULL, '1979', NULL),
(361, 'OutKast', 'Stankonia', 'hip hop, funk /', NULL, '2000', NULL),
(362, 'The Smashing Pumpkins', 'Siamese Dream', 'rock', NULL, '1993', NULL),
(363, 'New Order', 'Substance 1987', 'electronic', NULL, '1987', NULL),
(364, 'The Doors', 'L.A. Woman', 'rock', NULL, '1971', NULL),
(365, 'Rage Against the Machine', 'Rage Against the Machine', 'hip hop, rock', NULL, '1992', NULL),
(366, 'Johnny Cash', 'American Recordings', 'folk, world, & ', NULL, '1994', NULL),
(367, 'Madonna', 'Ray of Light', 'electronic, pop', NULL, '1998', NULL),
(368, 'Eagles', 'Eagles', 'rock', NULL, '1972', NULL),
(369, 'The Smiths', 'Louder Than Bombs', 'rock', NULL, '1987', NULL),
(370, 'Mott the Hoople', 'Mott', 'rock', NULL, '1973', NULL),
(371, 'Arctic Monkeys', 'Whatever People Say I Am, That\'s What I\'m Not', 'rock', NULL, '2006', NULL),
(372, 'The Police', 'Reggatta de Blanc', 'rock, pop', NULL, '1979', NULL),
(373, 'Jefferson Airplane', 'Volunteers', 'rock', NULL, '1969', NULL),
(374, 'Roxy Music', 'Siren', 'rock', NULL, '1975', NULL),
(375, 'Jackson Browne', 'Late for the Sky', 'rock', NULL, '1974', NULL),
(376, 'Bjork', 'Post', 'electronic', NULL, '1995', NULL),
(377, 'John Lee Hooker', 'The Ultimate Collection: 1948-1990', 'blues', NULL, '1991', NULL),
(378, 'Oasis', '(What\'s the Story) Morning Glory?', 'rock, pop', NULL, '1995', NULL),
(379, 'TLC', 'CrazySexyCool', 'electronic, hip', NULL, '1994', NULL),
(380, 'Toots & The Maytals', 'Funky Kingston', 'reggae', NULL, '1973', NULL),
(381, 'The Beach Boys', 'The Smile Sessions', 'rock', NULL, '2011', NULL),
(382, 'The Modern Lovers', 'The Modern Lovers', 'rock', NULL, '1976', NULL),
(383, 'Talking Heads', 'More Songs About Buildings and Food', 'rock', NULL, '1978', NULL),
(384, 'The Who', 'A Quick One', 'rock', NULL, '1966', NULL),
(385, 'Bob Dylan', '\"Love and Theft\"', 'rock', NULL, '2001', NULL),
(386, 'Steely Dan', 'Pretzel Logic', 'jazz, rock', NULL, '1974', NULL),
(387, 'Wu Tang Clan', 'Enter the Wu_Tang: 36 Chambers', 'hip hop', NULL, '1993', NULL),
(388, 'Various Artists', 'The Indestructible Beat of Soweto', 'funk / soul,?fo', NULL, '1985', NULL),
(389, 'Don Henley', 'The End of the Innocence', 'rock', NULL, '1989', NULL),
(390, 'The White Stripes', 'Elephant', 'rock', NULL, '2003', NULL),
(391, 'Jackson Browne', 'The Pretender', 'rock', NULL, '1976', NULL),
(392, 'The Beatles', 'Let It Be', 'rock', NULL, '1970', NULL),
(393, 'M.I.A.', 'Kala', 'electronic, hip', NULL, '2007', NULL),
(394, 'Randy Newman', 'Good Old Boys', 'rock, pop', NULL, '1974', NULL),
(395, 'LCD Soundsystem', 'Sound of Silver', 'electronic, roc', NULL, '2007', NULL),
(396, 'Roxy Music', 'For Your Pleasure', 'rock', NULL, '1973', NULL),
(397, 'Massive Attack', 'Blue Lines', 'electronic, reg', NULL, '1991', NULL),
(398, 'ZZ Top', 'Eliminator', 'rock', NULL, '1983', NULL),
(399, 'Tom Waits', 'Rain Dogs', 'rock, blues', NULL, '1985', NULL),
(400, 'The Temptations', 'Anthology: The Best of The Temptations', 'electronic, fun', NULL, '1995', NULL),
(401, 'Red Hot Chili Peppers', 'Californication', 'rock', NULL, '1999', NULL),
(402, 'Nas', 'Illmatic', 'hip hop', NULL, '1994', NULL),
(403, 'Lynyrd Skynyrd', '(pronounced \'leh-\'nerd \'skin-\'nerd)', 'rock', NULL, '1973', NULL),
(404, 'Dr. John', 'Dr. John\'s Gumbo', 'funk / soul', NULL, '1972', NULL),
(405, 'Big Star', 'Radio City', 'rock', NULL, '1974', NULL),
(406, 'PJ Harvey', 'Rid of Me', 'rock', NULL, '1993', NULL),
(407, 'The Clash', 'Sandinista!', 'rock, reggae', NULL, '1980', NULL),
(408, 'Sinead O\'Connor', 'I Do Not Want What I Haven\'t Got', 'rock, funk / so', NULL, '1989', NULL),
(409, 'The Doors', 'Strange Days', 'rock', NULL, '1967', NULL),
(410, 'Bob Dylan', 'Time Out of Mind', 'rock, blues', NULL, '1997', NULL),
(411, 'Eric Clapton', '461 Ocean Boulevard', 'rock', NULL, '1974', NULL),
(412, 'Wire', 'Pink Flag', 'rock', NULL, '1977', NULL),
(413, 'Minutemen', 'Double Nickels on the Dime', 'rock', NULL, '1984', NULL),
(414, 'The Go Go\'s', 'Beauty and the Beat', 'rock', NULL, '1981', NULL),
(415, 'Van Halen', 'Van Halen', 'rock', NULL, '1978', NULL),
(416, 'Tom Waits', 'Mule Variations', 'electronic, roc', NULL, '1999', NULL),
(417, 'U2', 'Boy', 'rock', NULL, '1980', NULL),
(418, 'Paul McCartney & Wings', 'Band on the Run', 'rock', NULL, '1973', NULL),
(419, 'Portishead', 'Dummy', 'electronic', NULL, '1994', NULL),
(420, 'The Crickets', 'The \"Chirping\" Crickets', 'rock, pop', NULL, '1957', NULL),
(421, 'Various Artists', 'The Best of the Girl Groups, Volume 1', 'rock,?pop', NULL, '1990', NULL),
(422, 'The Ronettes', 'Presenting the Fabulous Ronettes Featuring Ve', 'rock, pop', NULL, '1963', NULL),
(423, 'Diana Ross & The Supremes', 'Anthology', 'electronic, fun', NULL, '2001', NULL),
(424, 'Bruce Springsteen', 'The Rising', 'rock', NULL, '2002', NULL),
(425, 'Gram Parsons', 'Grievous Angel', 'rock, folk, wor', NULL, '1974', NULL),
(426, 'Cheap Trick', 'Cheap Trick at Budokan', 'rock', NULL, '1978', NULL),
(427, 'Peter Wolf', 'Sleepless', 'rock, blues, po', NULL, '2002', NULL),
(428, 'The Police', 'Outlandos d\'Amour', 'rock', NULL, '1978', NULL),
(429, 'Brian Eno', 'Another Green World', 'electronic', NULL, '1975', NULL),
(430, 'Vampire Weekend', 'Vampire Weekend', 'rock', NULL, '2007', NULL),
(431, 'PJ Harvey', 'Stories From the City, Stories From the Sea', 'rock', NULL, '2000', NULL),
(432, 'Brian Eno', 'Here Come the Warm Jets', 'rock', NULL, '1973', NULL),
(433, 'George Harrison', 'All Things Must Pass', 'rock', NULL, '1970', NULL),
(434, 'Big Star', '#1 Record', 'rock', NULL, '1972', NULL),
(435, 'Nirvana', 'In Utero', 'rock', NULL, '1993', NULL),
(436, 'Beck', 'Sea Change', 'rock', NULL, '2002', NULL),
(437, 'Lil Wayne', 'Tha Carter III', 'hip hop, funk /', NULL, '2008', NULL),
(438, 'The Cure', 'Boys Don\'t Cry', 'rock', NULL, '1979', NULL),
(439, 'Sam Cooke', 'Live at the Harlem Square Club, 1963', 'funk / soul', NULL, '1985', NULL),
(440, 'The Pogues', 'Rum Sodomy & the Lash', 'rock, folk, wor', NULL, '1985', NULL),
(441, 'Suicide', 'Suicide', 'electronic, roc', NULL, '1977', NULL),
(442, 'DEVO', 'Q: Are We Not Men? A: We Are Devo!', 'rock', NULL, '1978', NULL),
(443, 'Cheap Trick', 'In Color', 'rock', NULL, '1977', NULL),
(444, 'War', 'The World Is a Ghetto', 'funk / soul', NULL, '1972', NULL),
(445, 'Steve Miller Band', 'Fly Like an Eagle', 'rock', NULL, '1976', NULL),
(446, 'MC5', 'Back in the USA', 'rock', NULL, '1970', NULL),
(447, 'Stan Getz?/?Joao Gilberto?featuring?Antonio C', 'Getz / Gilberto', 'jazz', NULL, '1964', NULL),
(448, 'The Police', 'Synchronicity', 'rock, pop', NULL, '1983', NULL),
(449, 'Big Star', 'Third/Sister Lovers', 'rock', NULL, '1978', NULL),
(450, 'Jackson Browne', 'For Everyman', 'rock', NULL, '1973', NULL),
(451, 'Amy Winehouse', 'Back to Black', 'funk / soul, po', NULL, '2006', NULL),
(452, 'John Prine', 'John Prine', 'folk, world, & ', NULL, '1971', NULL),
(453, 'EPMD', 'Strictly Business', 'hip hop', NULL, '1987', NULL),
(454, 'Alice Cooper', 'Love It to Death', 'rock', NULL, '1971', NULL),
(455, 'Los Lobos', 'How Will the Wolf Survive?', 'rock, latin', NULL, '1984', NULL),
(456, 'Marvin Gaye', 'Here, My Dear', 'funk / soul', NULL, '1978', NULL),
(457, 'My Morning Jacket', 'Z', 'rock', NULL, '2005', NULL),
(458, 'Elton John', 'Tumbleweed Connection', 'rock, folk, wor', NULL, '1970', NULL),
(459, 'The Drifters', 'The Drifters\' Golden Hits', 'rock, funk / so', NULL, '1968', NULL),
(460, 'Hole', 'Live Through This', 'rock', NULL, '1994', NULL),
(461, 'Public Image Ltd.', 'Metal Box', 'electronic, roc', NULL, '1979', NULL),
(462, 'R.E.M.', 'Document', 'rock', NULL, '1987', NULL),
(463, 'Echo and The Bunnymen', 'Heaven Up Here', 'rock', NULL, '1981', NULL),
(464, 'Def Leppard', 'Hysteria', 'rock', NULL, '1987', NULL),
(465, 'The Magnetic Fields', '69 Love Songs', 'electronic, roc', NULL, '1999', NULL),
(466, 'Coldplay', 'A Rush of Blood to the Head', 'rock', NULL, '2002', NULL),
(467, 'Bruce Springsteen', 'Tunnel of Love', 'rock', NULL, '1987', NULL),
(468, 'The Paul Butterfield Blues Band', 'The Paul Butterfield Blues Band', 'rock, blues', NULL, '1965', NULL),
(469, 'Fugees', 'The Score', 'hip hop', NULL, '1996', NULL),
(470, 'L.L. Cool J', 'Radio', 'hip hop', NULL, '1985', NULL),
(471, 'Richard & Linda Thompson', 'I Want to See the Bright Lights Tonight', 'rock', NULL, '1974', NULL),
(472, 'George Michael', 'Faith', 'electronic, roc', NULL, '1987', NULL),
(473, 'The Smiths', 'The Smiths', 'rock', NULL, '1984', NULL),
(474, 'Manu Chao', 'Proxima estacion: Esperanza', 'rock, reggae, l', NULL, '2001', NULL),
(475, 'Elvis Costello & The Attractions', 'Armed Forces', 'rock', NULL, '1979', NULL),
(476, 'The Notorious B.I.G.', 'Life After Death', 'hip hop', NULL, '1997', NULL),
(477, 'Merle Haggard', 'Down Every Road', 'folk, world, & ', NULL, '1996', NULL),
(478, 'Loretta Lynn', 'All Time Greatest Hits', 'folk, world, & ', NULL, '2002', NULL),
(479, 'Funkadelic', 'Maggot Brain', 'rock, funk / so', NULL, '1971', NULL),
(480, 'Raekwon', 'Only Built 4 Cuban Linx', 'hip hop', NULL, '1995', NULL),
(481, 'D\'Angelo', 'Voodoo', 'hip hop, funk /', NULL, '2000', NULL),
(482, 'Steve Earle', 'Guitar Town', 'rock, folk, wor', NULL, '1986', NULL),
(483, 'Gang of Four', 'Entertainment!', 'rock', NULL, '1979', NULL),
(484, 'Mott the Hoople', 'All the Young Dudes', 'rock', NULL, '1972', NULL),
(485, 'Pearl Jam', 'Vitalogy', 'rock', NULL, '1994', NULL),
(486, 'Earth, Wind & Fire', 'That\'s the Way of the World', 'funk / soul', NULL, '1975', NULL),
(487, 'Cyndi Lauper', 'She\'s So Unusual', 'electronic, roc', NULL, '1983', NULL),
(488, 'Husker Du', 'New Day Rising', 'rock', NULL, '1985', NULL),
(489, 'KISS', 'Destroyer', 'rock', NULL, '1976', NULL),
(490, 'ZZ Top', 'Tres hombres', 'rock', NULL, '1973', NULL),
(491, 'Albert King', 'Born Under a Bad Sign', 'funk / soul, bl', NULL, '1967', NULL),
(492, 'Eurythmics', 'Touch', 'electronic, pop', NULL, '1983', NULL),
(493, 'Wilco', 'Yankee Hotel Foxtrot', 'rock', NULL, '2002', NULL),
(494, 'MGMT', 'Oracular Spectacular', 'electronic, roc', NULL, '2007', NULL),
(495, 'Bonnie Raitt', 'Give It Up', 'rock', NULL, '1972', NULL),
(496, 'Boz Scaggs', 'Boz Scaggs', 'rock', NULL, '1969', NULL),
(497, 'The White Stripes', 'White Blood Cells', 'rock', NULL, '2001', NULL),
(498, 'The Stone Roses', 'The Stone Roses', 'rock', NULL, '1989', NULL),
(499, 'B.B. King', 'Live in Cook County Jail', 'blues', NULL, '1971', NULL),
(500, 'OutKast', 'Aquemini', 'hip hop', NULL, '1998', NULL);

-- --------------------------------------------------------

--
-- Table structure for table `artist`
--

CREATE TABLE `artist` (
  `artistId` int(3) NOT NULL,
  `artistName` varchar(45) DEFAULT NULL,
  `instrument` varchar(20) DEFAULT NULL,
  `bandId` int(3) DEFAULT NULL
) ENGINE=InnoDB DEFAULT CHARSET=latin1;

--
-- Dumping data for table `artist`
--

INSERT INTO `artist` (`artistId`, `artistName`, `instrument`, `bandId`) VALUES
(4, 'Adam Ant', 'vocal', NULL),
(5, 'Gob', 'vocal', NULL),
(15, 'Lionel Richie', 'vocal', NULL),
(16, 'Blue Rodeo', 'vocal', NULL),
(19, 'Tesla', 'vocal', NULL),
(25, 'SUE THOMPSON', 'vocal', NULL),
(28, 'Tim Wilson', 'vocal', NULL),
(29, 'Willie Bobo', 'vocal', NULL),
(30, 'Faye Adams', 'vocal', NULL),
(31, 'Terry Callier', 'vocal', NULL),
(34, 'Billie Jo Spears', 'vocal', NULL),
(36, 'Sierra Maestra', 'vocal', NULL),
(41, 'Scarlet\'s Remains', 'vocal', NULL),
(45, 'Loudon Wainwright III', 'vocal', NULL),
(46, 'R.L. Burnside', 'vocal', NULL),
(47, 'Stevie Ray Vaughan', 'vocal', NULL),
(48, 'John Hammond', 'vocal', NULL),
(51, 'The New York Dolls', 'vocal', NULL),
(52, 'Eliane Elias', 'vocal', NULL),
(53, 'Lost Boyz', 'vocal', NULL),
(54, 'The Germs', 'vocal', NULL),
(58, 'Eurythmics', 'vocal', NULL),
(59, 'Francis Dunnery', 'vocal', NULL),
(60, 'John Cale', 'vocal', NULL),
(65, 'Bob Neuwirth', 'trumpet', NULL),
(70, 'Cama', 'tuba', NULL),
(71, 'Maxi Priest', 'drums', NULL),
(72, 'Porcupine Tree', 'drums', NULL),
(74, 'Foo Fighters', 'drums', NULL),
(77, 'Robben Ford', 'drums', NULL),
(80, 'Soda Stereo', 'drums', NULL),
(85, 'Toni Braxton Featuring Shaggy', 'drums', NULL),
(88, 'Wailing Souls', 'drums', NULL),
(89, 'Kitaro', 'drums', NULL),
(90, 'Alice In Chains', 'drums', NULL),
(91, 'Bobby Darin', 'drums', NULL),
(94, 'Mike And The Mechanics', 'guitar', NULL),
(95, 'Joe Rogan', 'guitar', NULL),
(96, 'Darwin Hobbs', 'guitar', NULL),
(98, 'Wyclef Jean', 'guitar', NULL),
(99, '3 Doors Down', 'guitar', NULL),
(101, 'Sub Swara', 'guitar', NULL),
(102, 'Joe Satriani', 'guitar', NULL),
(104, 'NG3', 'guitar', NULL),
(106, 'Bob Willis', 'guitar', NULL),
(108, 'Led Zeppelin', 'guitar', NULL),
(111, 'Tum Tum', 'guitar', NULL),
(112, 'Vuneny', 'guitar', NULL),
(114, 'Nicolas Bacchus', 'guitar', NULL),
(115, 'Avril Lavigne', 'guitar', NULL),
(117, 'The White Stripes', 'vocal', NULL),
(119, 'Ras Michael', 'bass', NULL),
(120, 'Talib Kweli', 'bass', NULL),
(121, 'Leroy Hutson', 'bass', NULL),
(124, 'Musical Youth', 'bass', NULL),
(125, 'Sapo', 'bass', NULL),
(129, 'Agnostic Front', 'bass', NULL),
(132, 'Warrior King', 'bass', NULL),
(133, 'Samy Deluxe', 'bass', NULL),
(140, 'Bert Kaempfert', 'bass', NULL),
(141, 'Three 6 Mafia', 'bass', NULL),
(142, 'Dobet GnahorA(c)', 'bass', NULL),
(144, 'Mary Black', 'bass', NULL),
(146, 'Public Image Ltd', 'bass', NULL),
(152, 'Joe Bonamassa', 'bass', NULL),
(157, 'Samy Deluxe', 'guitar', NULL),
(159, 'Madonna', 'guitar', NULL),
(161, 'Dilated Peoples Featuring Black Thought', 'guitar', NULL),
(166, 'Tim Exile', 'guitar', NULL);

-- --------------------------------------------------------

--
-- Table structure for table `band`
--

CREATE TABLE `band` (
  `bandid` int(3) NOT NULL,
  `bandName` varchar(45) DEFAULT NULL,
  `bandMembers` varchar(45) DEFAULT NULL
) ENGINE=InnoDB DEFAULT CHARSET=latin1;

-- --------------------------------------------------------

--
-- Table structure for table `songs`
--

CREATE TABLE `songs` (
  `songId` varchar(20) NOT NULL,
  `songName` varchar(20) DEFAULT NULL,
  `releaseYear` int(4) DEFAULT NULL,
  `genre` varchar(20) DEFAULT NULL,
  `duration` decimal(6,3) DEFAULT NULL,
  `artistId` int(3) DEFAULT NULL,
  `artistName` varchar(20) DEFAULT NULL
) ENGINE=InnoDB DEFAULT CHARSET=latin1;

--
-- Dumping data for table `songs`
--

INSERT INTO `songs` (`songId`, `songName`, `releaseYear`, `genre`, `duration`, `artistId`, `artistName`) VALUES
('0', 'Shattered Life', 2005, 'dance', '99.999', 174, '0'),
('SOABLAF12AB018E1D9', 'Lesson Learned', 2009, 'hip hop', '257.000', 90, 'Alice In Chains'),
('SOACMGG12AB0189F0D', 'I Know A Place', 2010, 'rock', '259.000', 152, 'Joe Bonamassa'),
('SOAFHKH12AC90757B7', 'Josy', 2002, 'rock', '215.000', 114, 'Nicolas Bacchus'),
('SOANVVN12A8AE452E2', 'Eduardo', 2003, 'rock', '196.000', 125, 'Sapo'),
('SOBBUGU12A8C13E95D', 'Setting Fire to Slee', 2004, 'rock', '208.000', 24, 'The Dillinger Escape'),
('SOBDCWG12A6D4F832E', 'Nobody\'s Perfect', 1988, 'Alternative', '283.000', 94, 'Mike And The Mechani'),
('SOBLGCN12AB0183212', 'James (Hold The Ladd', 1985, 'rock', '125.000', 25, 'SUE THOMPSON'),
('SOBONFF12A6D4F84D8', 'Tonight Will Be Alri', 1986, 'rock', '307.000', 15, 'Lionel Richie'),
('SOBPQVV12A8C13BE51', 'Are You Happy (Album', 2006, 'dance', '96.000', 167, 'Drop Dead_ Gorgeous'),
('SOBRAEX12A6D4F8F86', 'Could This Be Love', 1974, 'rock', '188.000', 121, 'Leroy Hutson'),
('SOBUWPY12A8C1446C0', 'In This Life', 2009, 'country', '210.000', 70, 'Cama'),
('SOBVTWE12AB01872C8', 'Happy Safari', 1997, 'rock', '170.000', 140, 'Bert Kaempfert'),
('SOBZBAZ12A6D4F8742', 'Spanish Grease', 1997, 'dance', '168.000', 29, 'Willie Bobo'),
('SOCIWDW12A8C13D406', 'Soul Deep', 1969, 'rock', '148.000', 2, 'The Box Tops'),
('SOCPRKM12AB018A2FD', 'Forming', 1977, 'blues', '206.000', 54, 'The Germs'),
('SOCQDVP12A8C1402DC', 'Everything Man (Albu', 2007, 'rock', '196.000', 120, 'Talib Kweli'),
('SODIDOO12A58A794E4', 'The Meantime', 2004, 'country', '209.000', 156, 'Phantom Planet'),
('SODOLVO12B0B80B2F4', 'Hell', 2005, 'country', '117.000', 74, 'Foo Fighters'),
('SOEAXUV12A6D4F8FA2', 'This Is Not A Love S', 1983, 'rock', '252.000', 146, 'Public Image Ltd'),
('SOEFXUF12AB018418B', 'Unwanted', 2001, 'rock', '260.000', 115, 'Avril Lavigne'),
('SOEPPKB12AB018418B', 'Cocain Ducks', 1995, 'blues', '217.000', 50, 'Ec8or'),
('SOEXSIN12A8C133B0A', 'Christmas In Jamaica', 2001, 'country', '219.000', 85, 'Toni Braxton Featuri'),
('SOFAOMI12A6D4FA2D8', 'Shattered Life', 2005, 'dance', '210.000', 174, 'Seventh Day Slumber'),
('SOFBQIA12AB0182219', 'Te Hacen Falta Vitam', 1984, 'country', '225.000', 80, 'Soda Stereo'),
('SOFCCRW12A6D4FA064', 'The Letter That John', 2002, 'country', '238.000', 153, 'Asleep At The Wheel'),
('SOFHBAR12A6701D0FE', 'Certain Things We Do', 1997, 'blues', '270.000', 53, 'Lost Boyz'),
('SOFSOCN12A8C143F5D', 'Face the Ashes', 2007, 'rock', '210.000', 5, 'Gob'),
('SOFUBCP12A8C13D5EF', 'Biding Her Time', 1990, 'country', '241.000', 65, 'Bob Neuwirth'),
('SOGKIWV12A6D4F86C4', 'Human Being', 1974, 'blues', '344.000', 51, 'The New York Dolls'),
('SOGNCJP12A58A80271', 'Do You Finally Need ', 1972, 'dance', '343.000', 31, 'Terry Callier'),
('SOGNQWU12A8AE4868F', 'Tous Les GarASSons E', 1985, 'dance', '207.000', 58, 'Eurythmics'),
('SOGOSOV12AF72A285E', 'A?DA3nde va Chichi?', 1997, 'hip hop', '313.000', 36, 'Sierra Maestra'),
('SOGXHEG12AB018653E', 'It Makes No Differen', 1992, 'dance', '133.000', 34, 'Billie Jo Spears'),
('SOHFVFR12AB0186969', 'Very Well', 1979, 'hip hop', '214.000', 88, 'Wailing Souls'),
('SOHGPEC12A8C13BBE8', 'Better Life', 2007, 'Alternative', '203.000', 99, '3 Doors Down'),
('SOHQKEZ12AC46875E9', 'Constructing the Abs', 2008, 'Alternative', '343.000', 101, 'Sub Swara'),
('SOHUOAP12A8AE488E9', 'Floating', 1987, 'rock', '491.000', 16, 'Blue Rodeo'),
('SOIAZJW12AB01853F1', 'Pink World', 1984, 'rock', '270.000', 9, 'Planet P Project'),
('SOINBCU12A6D4F94C0', 'Human Cannonball', 1995, 'hip hop', '190.000', 45, 'Loudon Wainwright II'),
('SOIRCEO12A8C134D85', 'Money Didn\'t Change ', 2003, 'rock', '191.000', 141, 'Three 6 Mafia'),
('SOIXZBS12A8C13DAFB', 'Sag es sag es feat. ', 2006, 'rock', '282.000', 133, 'Samy Deluxe'),
('SOJEVZW12A8C133988', 'Waiting', 1997, 'country', '417.000', 72, 'Porcupine Tree'),
('SOJVMJI12AF72A14F8', 'Virtuous Woman', 2002, 'rock', '223.000', 132, 'Warrior King'),
('SOLGHDZ12AB0183B11', 'Wicker Chair', 2003, 'country', '188.000', 64, 'Kings Of Leon'),
('SOLPFAE12A8C13AF2D', 'Die Meisten', 2001, 'country', '236.000', 157, 'Samy Deluxe'),
('SOMKGQN12A8C1339D2', 'Blue Orchid', 2005, 'rock', '160.000', 117, 'The White Stripes'),
('SOMNXCC12AB0187BE7', 'Papa Don\'t Preach', 1986, 'country', '270.000', 159, 'Madonna'),
('SOMOFTZ12AB0182A54', 'Curse Of Sound (Dub ', 2006, 'rock', '263.000', 112, 'Vuneny'),
('SOMSBGZ12AB018C4CB', 'Spin', 2007, 'hip hop', '199.000', 41, 'Scarlet\'s Remains'),
('SOMZIHP12AC9E12A87', 'Midnight Lovers', 2002, 'Alternative', '7.000', 98, 'Wyclef Jean'),
('SONHOTT12A8C13493C', 'Something Girls', 1982, 'rock', '233.000', 4, 'Adam Ant'),
('SONYPOM12A8C13B2D7', 'I Think My Wife Is R', 2005, 'rock', '186.000', 28, 'Tim Wilson'),
('SONYRZV12AB018AF70', 'Burning In The After', 2003, 'hip hop', '96.000', 42, 'The Suicide Machines'),
('SOOCZWD12AB0185147', 'Crazy Circles', 1979, 'country', '211.000', 154, 'Bad Company'),
('SOOSYMY12AB01888CD', 'I Got Over It (Album', 1988, 'country', '204.000', 77, 'Robben Ford'),
('SOOWJBD12A8C139450', 'Flesh And Blood', 1993, 'rock', '246.000', 144, 'Mary Black'),
('SOPHYIS12AAF3B35A3', 'The More I See You', 2009, 'blues', '251.000', 52, 'Eliane Elias'),
('SOQAFSW12A67021430', 'Start!', 1980, 'country', '148.000', 165, 'The Jam'),
('SOQAZYX12AB0182724', 'Separate Ways', 2002, 'rock', '158.000', 129, 'Agnostic Front'),
('SOQENPJ12AB0180997', 'Fortress', 2009, 'country', '370.000', 166, 'Tim Exile'),
('SOQRIGO12AB018A90E', 'House Full Of Bullet', 1998, 'Alternative', '415.000', 102, 'Joe Satriani'),
('SORWXUP12A58A79E65', 'Groovin\' In The Midn', 1991, 'country', '302.000', 71, 'Maxi Priest'),
('SOTBDQJ12A8C136EAF', 'Never Gonna Give You', 1982, 'rock', '183.000', 124, 'Musical Youth'),
('SOTSEJY12AB0180F56', 'Crossfire', 1992, 'blues', '249.000', 47, 'Stevie Ray Vaughan'),
('SOTSETT12AB01863B8', 'I Can\'t Be Satisfied', 2002, 'blues', '195.000', 48, 'John Hammond'),
('SOTUNMH12A6D4FA3E6', 'Nashville Parthenon', 2006, 'blues', '176.000', 49, 'Casiotone For The Pa'),
('SOTWVQT12A58A79650', 'Glory Be', 2004, 'hip hop', '278.000', 46, 'R.L. Burnside'),
('SOUNPPV12A8C13F5D3', 'The Song Remains The', 2007, 'rock', '331.000', 108, 'Led Zeppelin'),
('SOUNVEQ12AB018630C', 'Ida Red', 1993, 'Alternative', '147.000', 106, 'Bob Willis'),
('SOURCQF12A6D4F6F04', 'Praz Him (Broken Alb', 2003, 'Alternative', '213.000', 96, 'Darwin Hobbs'),
('SOVOLGY12A6D4F822B', 'Movement 4 [from Kis', 1997, 'dance', '228.000', 60, 'John Cale'),
('SOVYKGO12AB0187199', 'Crazy Mixed Up World', 1961, 'dance', '156.000', 30, 'Faye Adams'),
('SOWETKI12A67ADC802', 'Tainted Love feat. T', 2003, 'Alternative', '241.000', 104, 'NG3'),
('SOWOHNT12A6D4F60EA', '(I Heard That) Lones', 1995, 'hip hop', '164.000', 91, 'Bobby Darin'),
('SOWSZAJ12A67020FFD', 'Tigers Fucking (Spok', 2000, 'Alternative', '356.000', 95, 'Joe Rogan'),
('SOWWOFM12A6D4F82F0', 'Hard Hitters', 2001, 'country', '237.000', 161, 'Dilated Peoples Feat'),
('SOXDEEZ12A6D4FBB9A', 'Village Attack/ The ', 1993, 'hip hop', '82.000', 89, 'Kitaro'),
('SOXIATP12AAF3B2184', 'Spooks In Space', 1966, 'dance', '123.000', 57, 'Perrey And Kingsley'),
('SOXLBJT12A8C140925', 'Caught In A Dream', 2004, 'rock', '290.000', 19, 'Tesla'),
('SOXNYWA12AB01877E8', 'Evigne', 2010, 'rock', '252.000', 142, 'Dobet GnahorA(c)'),
('SOYIGVZ12A8C13C73D', 'Eat Or Get Ate', 2007, 'rock', '231.000', 111, 'Tum Tum'),
('SOYMWXX12A8C139730', 'Ethiopian Anthem', 1978, 'rock', '244.000', 119, 'Ras Michael and the '),
('SOYQOFI12A6D4F76E1', 'Too Much Saturn', 1995, 'dance', '301.000', 59, 'Francis Dunnery'),
('SOYTPEP12AB0180E7B', 'Twist and Shout', 1964, 'dance', '165.000', 33, 'The Shangri-Las'),
('SOYWZTU12AB0180E26', 'Deform (live)', 2000, 'dance', '166.000', 63, 'The Berzerker');

--
-- Indexes for dumped tables
--

--
-- Indexes for table `album`
--
ALTER TABLE `album`
  ADD PRIMARY KEY (`albumId`);

--
-- Indexes for table `artist`
--
ALTER TABLE `artist`
  ADD PRIMARY KEY (`artistId`);

--
-- Indexes for table `band`
--
ALTER TABLE `band`
  ADD PRIMARY KEY (`bandid`);

--
-- Indexes for table `songs`
--
ALTER TABLE `songs`
  ADD PRIMARY KEY (`songId`);
COMMIT;

/*!40101 SET CHARACTER_SET_CLIENT=@OLD_CHARACTER_SET_CLIENT */;
/*!40101 SET CHARACTER_SET_RESULTS=@OLD_CHARACTER_SET_RESULTS */;
/*!40101 SET COLLATION_CONNECTION=@OLD_COLLATION_CONNECTION */;
